,sum_sq,df,F,PR(>F)
C(Grupo),38.01919296774134,2.0,18.218227837519226,1.5514809086475723e-07
Residual,111.6478969258041,107.0,,
