,sum_sq,df,F,PR(>F)
C(Grupo),33.285653409975495,2.0,18.36192871125629,1.3939199724417924e-07
Residual,96.98232061766082,107.0,,
