Grupo,Retorno
Alto,0.8164315789473684
Baixo,-0.522361111111111
Médio,0.24411666666666665
