Grupo,Retorno
Alto,0.8021842105263158
Baixo,-0.6166305555555556
Médio,0.2942944444444444
