,sum_sq,df,F,PR(>F)
C(Criptomoeda),52.719132367636455,9.0,7.553538194501805,2.2590676910009648e-08
Residual,77.54884166000001,100.0,,
