,sum_sq,df,F,PR(>F)
C(Criptomoeda),67.12339811354553,9.0,9.035403172694757,6.976580464314648e-10
Residual,82.54369178000002,100.0,,
