Criptomoeda,Melhor Regressor,Erro Padrão (MLP vs Melhor)
BCHUSDT,Polinomial_4,16.026903929631935
DASHUSDT,Polinomial_4,5.201745288090879
XRPUSDT,Polinomial_7,0.021646692694387522
ETHUSDT,Polinomial_3,28.84542483009901
LTCUSDT,Polinomial_4,2.179089200879762
XMRUSDT,Polinomial_4,3.4113973289652666
ETCUSDT,Polinomial_6,0.40987611353831993
ZRXUSDT,Polinomial_7,0.02562744340910347
BTCUSDT,Polinomial_2,447.0421967893516
BATUSDT,Polinomial_7,0.022287438187133097
