Criptomoeda,Retorno
BATUSDT,0.30203636363636366
BCHUSDT,0.3352636363636364
BTCUSDT,0.14981818181818182
DASHUSDT,-1.9716363636363636
ETCUSDT,0.2633818181818182
ETHUSDT,0.14837272727272727
LTCUSDT,1.2239090909090908
XMRUSDT,0.1990636363636364
XRPUSDT,0.7404636363636363
ZRXUSDT,0.3255909090909091
